<?xml version="1.0" encoding="UTF-8"?>
<!DOCTYPE fontscolors PUBLIC "-//NetBeans//DTD Editor Fonts and Colors settings 1.1//EN" "http://www.netbeans.org/dtds/EditorFontsColors-1_1.dtd">
<fontscolors>
    <fontcolor bgColor="ffc2dffe" name="mark-occurrences"/>
    <fontcolor name="identifier"/>
    <fontcolor default="field" name="markup-attribute"/>
    <fontcolor default="identifier" name="method"/>
    <fontcolor foreColor="ffff2e8d" name="string"/>
    <fontcolor default="keyword" name="markup-element"/>
    <fontcolor default="string" name="markup-attribute-value"/>
    <fontcolor name="error" waveUnderlined="ffd02884"/>
    <fontcolor default="default" name="entity-reference">
        <font style="bold"/>
    </fontcolor>
    <fontcolor name="separator"/>
    <fontcolor name="operator"/>
    <fontcolor name="url" underline="blue"/>
    <fontcolor name="number"/>
    <fontcolor bgColor="fff4f4f4" foreColor="ff545454" name="default">
        <font name="Consola Mono" size="18" style="plain"/>
    </fontcolor>
    <fontcolor default="identifier" foreColor="ff00b38b" name="field"/>
    <fontcolor foreColor="ffff2e8d" name="char"/>
    <fontcolor name="warning" waveUnderlined="ffb7aa17"/>
    <fontcolor foreColor="ff969696" name="comment"/>
    <fontcolor foreColor="ff00a0cf" name="keyword"/>
    <fontcolor name="whitespace"/>
</fontscolors>
